INSERT INTO recipes (recipename, directions, author, url) VALUES 
('Sloppy Joes II', '(1) In a medium skillet over medium heat, brown the ground beef, onion, and green pepper; drain off liquids. (2) Stir in the garlic powder, mustard, ketchup, and brown sugar; mix thoroughly. Reduce heat, and simmer for 30 minutes. Season with salt and pepper.', 'Tamara', 'http://allrecipes.com/recipe/24264/sloppy-joes-ii/?internalSource=rotd&referringContentType=home%20page&clickId=cardslot%201'),
('Baked Ziti with Sausage', '(1) Preheat an oven to 350 degrees F (175 degrees C). Grease a 9x13 inch baking dish. (2) Fill a large pot with lightly salted water and bring to a rolling boil over high heat. Once the water is boiling, stir in the ziti, and return to a boil. Cook the pasta uncovered, stirring occasionally, until the pasta has cooked through, but is still firm to the bite, about 8 minutes. Drain well in a colander set in the sink. (3) While pasta is cooking, heat a large skillet over medium heat. Add the sausage, and cook and stir until brown, about 10 minutes. Drain sausage and set aside. (4) Stir together the ricotta, egg, onion, garlic, and oregano in a large bowl until well combined. Stir in the drained pasta, the drained sausage, salt, pepper, and 1/2 jar of the spaghetti sauce; mix well. (5) In the prepared baking dish, cover the bottom with 1/3 jar of spaghetti sauce. Layer 1/2 of the pasta mixture, 1/3 jar of spaghetti sauce, and 1/2 of the shredded cheese. Then layer the remaining 1/2 of the pasta, 1/3 of the sauce, and 1/2 of the cheese. Sprinkle with basil. Cover the dish tightly with aluminum foil. (6) Bake in the preheated oven until heated through, about 20 minutes. Uncover; return to the oven and bake until cheese is melted, 5 to 10 more minutes.', 'Ashley', 'http://allrecipes.com/recipe/165350/baked-ziti-with-sausage/?internalSource=popular&referringContentType=home%20page&clickId=cardslot%206'),
('Slow Cooker Carnitas', '(1) Mix together salt, garlic powder, cumin, oregano, coriander, and cinnamon in a bowl. Coat pork with the spice mixture. Place the bay leaves in the bottom of a slow cooker and place the pork on top. Pour the chicken broth around the sides of the pork, being careful not to rinse off the spice mixture. (2) Cover and cook on Low until the pork shreds easily with a fork, about 10 hours. Turn the meat after it has cooked for 5 hours. When the pork is tender, remove from slow cooker, and shred with two forks. Use cooking liquid as needed to moisten the meat.', 'Erin Parker',	'http://allrecipes.com/recipe/139603/slow-cooker-carnitas/'),
('Chicken Cacciatore in a Slow Cooker', '(1) Place chicken in a slow cooker; stir in spaghetti sauce, tomato paste, mushrooms, onion, bell pepper, garlic, oregano, basil, black pepper, and red pepper flakes. Cover. (2) Cook on Low until chicken is tender, 6 to 8 hours.','LDP5', 'http://allrecipes.com/recipe/246305/chicken-cacciatore-in-a-slow-cooker/'),
('Slow Cooker Thai Peanut Pork', '(1) Coat a slow cooker with cooking spray. Place the bell pepper strips and pork chops into the slow cooker. Pour the teriyaki sauce, vinegar, red pepper flakes, and garlic over the pork chops. (2) Cover and cook on Low until the pork is very tender, 8 to 9 hours. Once tender, remove the pork from the slow cooker, and whisk in the peanut butter until smooth. Return the pork to the slow cooker, and cook 10 minutes more. (3) Pour into a serving dish and sprinkle with green onions and peanuts to garnish. Decorate with lime wedges to serve.', 'Fireguy553','http://allrecipes.com/recipe/186965/slow-cooker-thai-peanut-pork/'),
('Hungarian Goulash II', '(1) Place beef in slow cooker, and cover with onion. In a medium bowl, stir together ketchup, Worcestershire sauce, brown sugar, salt, paprika, mustard, and 1 cup water. Pour mixture over beef and onions. (2) Cover, and cook on Low for 9 to 10 hours, or until meat is tender. (3) Mix 1/4 cup water with flour to form a paste, and stir into goulash. Cook on High for 10 to 15 minutes, or until sauce thickens.', 'RHONDA STORY', 'http://allrecipes.com/recipe/19956/hungarian-goulash-ii/'),
('Three-Ingredient Baked Chicken Breasts','(1) Preheat oven to 350 degrees F (175 degrees C). Lightly butter a baking dish. (2) Stir 1/4 cup melted butter and salt together in a bowl.  (3) Arrange chicken in the baking dish. Brush butter mixture onto the chicken until thoroughly coated, pouring any extra over the chicken. (4) Bake in the preheated oven until no longer pink in the center and the juices run clear, about 30 to 45 minutes. An instant-read thermometer inserted into the center should read at least 165 degrees F (74 degrees C).','Jennifer Jones','http://allrecipes.com/recipe/239137/three-ingredient-baked-chicken-breasts/?internalSource=popular&referringContentType=home%20page&clickId=cardslot%2013'),
('Cajun Chicken Pasta','(1) Bring a large pot of lightly salted water to a boil. Add pasta and cook for 8 to 10 minutes or until al dente; drain.  (2) Place the chicken and the Cajun seasoning in a plastic bag. Shake to coat. In a large skillet over medium heat, saute the chicken in butter or margarine until almost tender (5 to 7 minutes). (3) Add the red bell pepper, green bell pepper, mushrooms and green onion. Saute and stir for 2 to 3 minutes. Reduce heat. (4) Add the cream, basil, lemon pepper, salt, garlic powder and ground black pepper. Heat through. Add the cooked linguine, toss and heat through. Sprinkle with grated Parmesan cheese and serve.','Carol Spradling','http://allrecipes.com/recipe/8778/cajun-chicken-pasta/?internalSource=popular&referringContentType=home%20page&clickId=cardslot%2020'),
('Chicken and Pasta Casserole with Mixed Vegetables','(1) Preheat oven to 400 degrees F (200 degrees C). Lightly grease a medium baking dish. (2) Bring a large pot of lightly salted water to a boil. Place fusilli pasta in the pot, cook for 8 to 10 minutes, until al dente, and drain. (3) Heat the oil in a skillet over medium heat. Place chicken in the skillet, and season with minced onion, salt and pepper, garlic powder, basil, and parsley. Cook until chicken juices run clear. Mix in the cooked pasta, cream of chicken soup, cream of mushroom soup, and mixed vegetables. Transfer to the prepared baking dish. (4) In a small bowl, mix the bread crumbs, Parmesan cheese, and butter. Spread evenly over the casserole. (5) Bake 30 minutes in the preheated oven until bubbly and lightly browned.','JENTOP','http://allrecipes.com/recipe/69193/chicken-and-pasta-casserole-with-mixed-vegetables/'),
('Broccoli, Rice, Cheese, and Chicken Casserole','(1) Preheat oven to 350 degrees F (175 degrees C). (2) In a medium saucepan, bring the water to a boil. Mix in the instant rice, cover, and remove from heat. Let stand 5 minutes. (3) In a 9x13 inch baking dish, mix the prepared rice, chicken, cream of mushroom soup, cream of chicken soup, butter, milk, broccoli, onion, and processed cheese. (4) Bake in the preheated oven for 30 to 35 minutes, or until cheese is melted. Stir halfway through cooking to help cheese melt evenly.','Heather','http://allrecipes.com/recipe/25490/broccoli-rice-cheese-and-chicken-casserole/');

INSERT INTO cookbooks (description) VALUES
 ('Chicken dishes'),
 ('Cajun dishes'),
 ('Beef dishes'),
 ('Thai dishes'),
 ('Slow cooker dishes'),
 ('Favorites of Bill'),
 ('Lotsa rice'),
 ('Veggie heaven'),
 ('Pork, pork, pork'),
 ('Baked, not fried');

INSERT INTO users (email, username, password, bio, datejoined) VALUES
('bill@gmail.com', 'billybob1', 'password1', 'Bill loves burritos.', current_timestamp),
('jane@gmail.com', 'janeybob1', 'password1', 'Jane loves burritos more than Bill', current_timestamp),
('thedude@gmail.com', 'the_dude', 'password1', 'Abides...', current_timestamp),
('simon@gmail.com', 'simon', 'password1', 'Tall one, blue shirt with an S', current_timestamp),
('papasmurf@gmail.com', 'Papa Smurf', 'password1', 'It is smurf-tacular', current_timestamp),
('shaggy@gmail.com', 'Shaggy', 'password1', 'Let us get out of here', current_timestamp),
('scoobydoo@gmail.com', 'Scooby Doo', 'password1', 'Still looking for the perfect scooby snack recipe...', current_timestamp),
('donald@gmail.com', 'Donald Duck', 'password1', 'Quack, quack', current_timestamp),
('thedonald@gmail.com', 'Donald Trump', 'password1', 'I have the best recipes.', current_timestamp),
('obama@gmail.com', 'B. Obama', 'password1', 'Try the goulash', current_timestamp);

INSERT INTO ingredients (shortname) VALUES
('all-purpose flour'),
('bay leaves'),
('beef chuck roast'),
('boneless pork loin chops'),
('boneless pork shoulder roast'),
('brown sugar'),
('butter'),
('Cajun seasoning'),
('chicken broth'),
('chicken tenderloins'),
('chunk chicken'),
('condensed cream of chicken soup'),
('condensed cream of mushroom soup'),
('creamy peanut butter'),
('crushed red pepper flakes'),
('dried basil'),
('dried minced onion'),
('dried oregano'),
('dried parsley'),
('dry bread crumbs'),
('dry fusilli pasta'),
('dry mustard'),
('dry ziti pasta'),
('egg'),
('fresh mushrooms'),
('frozen chopped broccoli'),
('frozen mixed vegetables'),
('garlic'),
('garlic powder'),
('grated Parmesan cheese'),
('green bell pepper'),
('green onion'),
('ground black pepper'),
('ground cinnamon'),
('ground coriander'),
('ground cumin'),
('heavy cream'),
('Hungarian sweet paprika'),
('instant rice'),
('ketchup'),
('lean ground beef'),
('lemon pepper'),
('limes'),
('linguine pasta'),
('mild Italian sausage'),
('milk'),
('olive oil'),
('onion'),
('pepper'),
('prepared yellow mustard'),
('processed cheese food'),
('red bell pepper'),
('red pepper flakes'),
('rice vinegar'),
('ricotta cheese'),
('roasted peanuts'),
('salt'),
('shredded Italian cheese blend'),
('skinless, boneless chicken breast halves'),
('spaghetti sauce'),
('teriyaki sauce'),
('tomato paste'),
('water'),
('white onion'),
('Worcestershire sauce'),
('yellow onion');

INSERT INTO recipescontain VALUES
(1,'1 pound ',41,FALSE,''),
(1,'1/4 cup ',48,FALSE,'chopped '),
(1,'1/4 cup ',31,FALSE,'chopped '),
(1,'1/2 teaspoon ',29,FALSE,''),
(1,'1 teaspoon ',50,FALSE,''),
(1,'3/4 cup ',40,FALSE,''),
(1,'3 teaspoons ',6,FALSE,''),
(1,'',57,TRUE,'to taste'),
(1,'',33,TRUE,'to taste'),
(2,'1 (16 ounce) package ',23,FALSE,''),
(2,'1 pound ',45,FALSE,''),
(2,'1 (15 ounce) container ',55,FALSE,''),
(2,'1',24,FALSE,''),
(2,'1 large',66,FALSE,'minced'),
(2,'2 teaspoons  ',28,FALSE,'minced'),
(2,'1 teaspoon ',18,FALSE,''),
(2,'1/2 teaspoon ',57,FALSE,''),
(2,'1/2 teaspoon ',33,FALSE,''),
(2,'1 1/2 (26 ounce) jars',60,FALSE,'divided'),
(2,'1 (8 ounce) package ',58,FALSE,''),
(2,'1 teaspoon',16,TRUE,''),
(3,'1 teaspoon ',57,FALSE,''),
(3,'1 teaspoon ',29,FALSE,''),
(3,'1 teaspoon ',36,FALSE,''),
(3,'1/2 teaspoon  ',18,FALSE,'crumbled'),
(3,'1/2 teaspoon ',35,FALSE,''),
(3,'1/4 teaspoon ',34,FALSE,''),
(3,'1 (4 pound) ',5,FALSE,''),
(3,'2',2,FALSE,''),
(3,'2 cups',9,FALSE,''),
(4,'4 ',59,FALSE,''),
(4,'1 (28 ounce) jar ',60,FALSE,''),
(4,'1 (6 ounce) can',62,FALSE,''),
(4,'1/4 pound  ',25,FALSE,'sliced'),
(4,'1/2 ',66,FALSE,'minced'),
(4,'1/2',31,FALSE,'seeded and diced'),
(4,'3 tablespoons  ',28,FALSE,'minced'),
(4,'1 1/2 teaspoons ',18,FALSE,''),
(4,'1/2 teaspoon',16,FALSE,''),
(4,'1/2 teaspoon ',33,FALSE,''),
(4,'1/4 teaspoon',53,TRUE,''),
(5,'2',52,FALSE,'seeded and sliced into strips'),
(5,'4 (8 ounce) ',4,FALSE,''),
(5,'1/2 cup ',61,FALSE,''),
(5,'1/4 cup ',14,FALSE,''),
(5,'2 tablespoons ',54,FALSE,''),
(5,'1 teaspoon ',15,FALSE,''),
(5,'2 cloves  ',28,FALSE,'minced'),
(5,'1/2 cup  ',32,FALSE,'chopped'),
(5,'1/4 cup  ',56,FALSE,'chopped'),
(5,'2 ',43,FALSE,'cut into wedges'),
(6,'2 pounds',3,FALSE,'cubed'),
(6,'1 large  ',48,FALSE,'diced'),
(6,'1/2 cup ',40,FALSE,''),
(6,'2 tablespoons ',65,FALSE,''),
(6,'1 tablespoon ',6,FALSE,''),
(6,'2 teaspoons ',57,FALSE,''),
(6,'2 teaspoons ',38,FALSE,''),
(6,'1/2 teaspoon ',22,FALSE,''),
(6,'1 1/4 cups  ',63,FALSE,'divided'),
(6,'1/4 cup ',1,FALSE,''),
(7,'1/4 cup  ',7,FALSE,'melted'),
(7,'1 teaspoon ',57,FALSE,''),
(7,'4 ',59,FALSE,''),
(8,'4 ounces ',44,FALSE,''),
(8,'2 ',59,FALSE,''),
(8,'2 teaspoons ',8,FALSE,''),
(8,'2 tablespoons ',7,FALSE,''),
(8,'1 ',52,FALSE,'sliced'),
(8,'1',31,FALSE,'sliced'),
(8,'4',25,FALSE,'sliced'),
(8,'1',32,FALSE,'chopped'),
(8,'1 cup ',37,FALSE,''),
(8,'1/4 teaspoon ',16,FALSE,''),
(8,'1/4 teaspoon',42,FALSE,''),
(8,'1/4 teaspoon ',57,FALSE,''),
(8,'1/8 teaspoon ',29,FALSE,''),
(8,'1/8 teaspoon ',33,FALSE,''),
(8,'1/4 cup ',30,FALSE,''),
(9,'1 cup ',21,FALSE,''),
(9,'3 tablespoons ',47,FALSE,''),
(9,'6',10,FALSE,'cut into chunks'),
(9,'1 tablespoon ',17,FALSE,''),
(9,'',57,TRUE,'to taste'),
(9,'',49,TRUE,'to taste'),
(9,'',29,TRUE,'to taste'),
(9,'1 tablespoon ',16,FALSE,''),
(9,'1 tablespoon ',19,FALSE,''),
(9,'1 (10.75 ounce) can ',12,FALSE,''),
(9,'1 (10.75 ounce) can ',13,FALSE,''),
(9,'2 cups ',27,FALSE,''),
(9,'1 cup ',20,FALSE,''),
(9,'2 tablespoons ',30,FALSE,''),
(9,'2 tablespoons',7,FALSE,'melted'),
(10,'2 cups ',63,FALSE,''),
(10,'2 cups  ',39,FALSE,'uncooked'),
(10,'2 (10 ounce) cans',11,FALSE,'drained'),
(10,'1 (10.75 ounce) can ',13,FALSE,''),
(10,'1 (10.75 ounce) can ',12,FALSE,''),
(10,'1/4 cup ',7,FALSE,''),
(10,'1 cup ',46,FALSE,''),
(10,'1 (16 ounce) package ',26,FALSE,''),
(10,'1 small , ',64,FALSE,'chopped'),
(10,'1 pound ',51,FALSE,'');


INSERT INTO categories VALUES
('Italian'),
('Home cooking'),
('Mexican'),
('Slow cooking'),
('Hungarian'),
('Casserole'),
('Simple'),
('Dinner'),
('Breakfast'),
('Lunch'),
('Czech'),
('Thai'),
('Chinese');

INSERT INTO pantries VALUES
(1, 'Refridgerator', 1),
(2, 'Refridgerator', 2),
(3, 'Refridgerator', 3),
(4, 'Refridgerator', 4),
(5, 'Refridgerator', 5),
(6, 'Refridgerator', 6),
(7, 'Refridgerator', 7),
(8, 'Refridgerator', 8),
(9, 'Refridgerator', 9),
(10, 'Refridgerator', 10),
(11, 'Closet', 1);

INSERT INTO shoppinglists VALUES
(1, TRUE, 'Weekly', 1),
(2, TRUE, 'Weekly', 2),
(3, TRUE, 'Weekly', 3),
(4, TRUE, 'Weekly', 4),
(5, TRUE, 'Weekly', 5),
(6, TRUE, 'Weekly', 6),
(7, TRUE, 'Weekly', 7),
(8, TRUE, 'Weekly', 8),
(9, TRUE, 'Weekly', 9),
(10, TRUE, 'Weekly', 10),
(11, TRUE, 'Inauguration party, 2017', 10),
(12, FALSE, 'Inauguration party, 2009', 10),
(13, FALSE, 'Inauguration party, 2013', 10);

INSERT INTO shoplistcontain VALUES
(1, 'One', 43),
(2, 'One', 24),
(3, '1 (10.75 ounce) can', 13),
(4, '2 cups', 27),
(5, '1 cup', 20),
(6, '2 tablespoons', 30),
(7, '2 tablespoons', 7),
(8, '2 cups', 63),
(9, '2 cups', 39),
(10, '2 (10 ounce) cans', 11),
(11, '2 (10 ounce) cans', 12),
(12, '2 (10 ounce) cans', 56),
(13, '2 (10 ounce) cans', 1),
(13, '21 cup ', 3);

INSERT INTO pantriescontain VALUES
(1, '3', 3),
(2, '3', 4),
(3, '3', 5),
(4, '3', 6),
(5, '4 cups', 7),
(6, '3', 6),
(7, '16', 5),
(8, '3', 5),
(9, '5', 5),
(10, '3', 5),
(11, '5', 4),
(11, 'one jar', 3),
(11, 'Two jars', 56);

INSERT INTO recipecategories VALUES
(1,'Home cooking'),
(1,'Simple'),
(1,'Dinner'),
(1,'Lunch'),
(2,'Italian'),
(2,'Home cooking'),
(2,'Casserole'),
(2,'Dinner'),
(3,'Mexican'),
(3,'Slow cooking'),
(3,'Dinner'),
(3,'Lunch'),
(4,'Italian'),
(4,'Home cooking'),
(4,'Slow cooking'),
(4,'Dinner'),
(5,'Dinner'),
(5,'Thai'),
(6,'Slow cooking'),
(6,'Hungarian'),
(6,'Dinner'),
(6,'Lunch'),
(7,'Simple'),
(7,'Dinner'),
(8,'Italian'),
(8,'Dinner'),
(9,'Home cooking'),
(9,'Casserole'),
(9,'Simple'),
(9,'Dinner'),
(10,'Home cooking'),
(10,'Casserole'),
(10,'Simple'),
(10,'Dinner');


INSERT INTO cookbookcontents VALUES
(1, 1),
(1, 6),
(1, 7),
(2, 1),
(2, 5),
(2, 6),
(3, 1),
(3, 2),
(4, 1),
(4, 3),
(5, 1),
(5, 2),
(5, 8),
(6, 1),
(6, 9),
(6, 10),
(7, 4),
(7, 5),
(7, 6),
(8, 1),
(8, 2),
(9, 3),
(9, 4),
(9, 8),
(10, 1);

INSERT INTO cookbookowners VALUES
(1, 1),
(2, 2),
(3, 3),
(4, 4),
(5, 5),
(6, 6),
(7, 7),
(8, 8),
(9, 9),
(10, 10),
(10, 2),
(10, 4);

INSERT INTO reciperatings VALUES
(1,1,4),
(2,1,2),
(3,1,2),
(4,1,4),
(5,1,3),
(6,1,4),
(7,1,3),
(8,1,4),
(9,1,1),
(10,1,5),
(1,2,1),
(2,2,1),
(3,2,2),
(4,2,4),
(5,2,2),
(6,2,3),
(7,2,4),
(8,2,4),
(9,2,3),
(10,2,4),
(1,3,3),
(2,3,5),
(3,3,3),
(4,3,2),
(5,3,5),
(6,3,2),
(7,3,4),
(8,3,4),
(9,3,4),
(10,3,2),
(1,4,3),
(2,4,5),
(3,4,4),
(4,4,1),
(5,4,3),
(6,4,4),
(7,4,4),
(8,4,1),
(9,4,1),
(10,4,3),
(1,5,5),
(2,5,2),
(3,5,5),
(4,5,5),
(5,5,3),
(6,5,5),
(7,5,3),
(8,5,5),
(9,5,3),
(10,5,2),
(1,6,2),
(2,6,3),
(3,6,2),
(4,6,5),
(5,6,5),
(6,6,3),
(7,6,1),
(8,6,4),
(9,6,2),
(10,6,3),
(1,7,1),
(2,7,1),
(3,7,3),
(4,7,5),
(5,7,3),
(6,7,5),
(7,7,1),
(8,7,4),
(9,7,2),
(10,7,2),
(1,8,2),
(2,8,4),
(3,8,3),
(4,8,5),
(5,8,5),
(6,8,4),
(7,8,3),
(8,8,4),
(9,8,5),
(10,8,4),
(1,9,2),
(2,9,3),
(3,9,3),
(4,9,5),
(5,9,1),
(6,9,2),
(7,9,3),
(8,9,3),
(9,9,3),
(10,9,1),
(1,10,4),
(2,10,3),
(3,10,5),
(4,10,1),
(5,10,3),
(6,10,3),
(7,10,3),
(8,10,3),
(9,10,1),
(10,10,3);